F.Kr.	Efter Kristus	<http://sv.wikipedia.org/wiki/Efter_Kristus>	
Dyl.	Lista över förkortningar	<http://sv.wikipedia.org/wiki/Lista_över_förkortningar>	
El.	EL	<http://sv.wikipedia.org/wiki/EL>	
D.ä.	Lista över förkortningar	<http://sv.wikipedia.org/wiki/Lista_över_förkortningar>	
D.v.s.	Lista över förkortningar	<http://sv.wikipedia.org/wiki/Lista_över_förkortningar>	
O.s.v.	Lista över förkortningar	<http://sv.wikipedia.org/wiki/Lista_över_förkortningar>	
T.ex.	Lista över förkortningar	<http://sv.wikipedia.org/wiki/Lista_över_förkortningar>	
D.y.	Lista över förkortningar	<http://sv.wikipedia.org/wiki/Lista_över_förkortningar>	
Fr.o.m.	Lista över förkortningar	<http://sv.wikipedia.org/wiki/Lista_över_förkortningar>	
Trol.	Trolovning	<http://sv.wikipedia.org/wiki/Trolovning>	
Arab.	Arabiska	<http://sv.wikipedia.org/wiki/Arabiska>	
Sp.	SP	<http://sv.wikipedia.org/wiki/SP>	
Ty.	Tyska	<http://sv.wikipedia.org/wiki/Tyska>	
Ital.	Italienska	<http://sv.wikipedia.org/wiki/Italienska>	
Lat.	Latin	<http://sv.wikipedia.org/wiki/Latin>	
Eng.	Engelska	<http://sv.wikipedia.org/wiki/Engelska>	
Etc.	Lista över förkortningar	<http://sv.wikipedia.org/wiki/Lista_över_förkortningar>	
El.dyl.	Lista över förkortningar	<http://sv.wikipedia.org/wiki/Lista_över_förkortningar>	
Port.	Portugisiska	<http://sv.wikipedia.org/wiki/Portugisiska>	
S.v.	Väderstreck	<http://sv.wikipedia.org/wiki/Väderstreck>	
Sv.	Svenska	<http://sv.wikipedia.org/wiki/Svenska>	
Grek.	Grekiska	<http://sv.wikipedia.org/wiki/Grekiska>	
Fi.	Finska	<http://sv.wikipedia.org/wiki/Finska>	
Hebr.	Hebreiska	<http://sv.wikipedia.org/wiki/Hebreiska>	
Ry.	Ryska	<http://sv.wikipedia.org/wiki/Ryska>	
No.	Norska	<http://sv.wikipedia.org/wiki/Norska>	
M.u.h.	Meter över havet	<http://sv.wikipedia.org/wiki/Meter_över_havet>	
E.dyl.	Lista över förkortningar	<http://sv.wikipedia.org/wiki/Lista_över_förkortningar>	
Bl.a.	Lista över förkortningar	<http://sv.wikipedia.org/wiki/Lista_över_förkortningar>	
Osv.	Lista över förkortningar	<http://sv.wikipedia.org/wiki/Lista_över_förkortningar>	
F.m.	Frekvensmodulering	<http://sv.wikipedia.org/wiki/Frekvensmodulering>	
Dvs.	Lista över förkortningar	<http://sv.wikipedia.org/wiki/Lista_över_förkortningar>	
Pga.	Lista över förkortningar	<http://sv.wikipedia.org/wiki/Lista_över_förkortningar>	
O.d.	Lista över förkortningar	<http://sv.wikipedia.org/wiki/Lista_över_förkortningar>	
Tf.	Lista över förkortningar	<http://sv.wikipedia.org/wiki/Lista_över_förkortningar>	
L.ö.a.	Längd över allt	<http://sv.wikipedia.org/wiki/Längd_över_allt>	
Monkees.	The Monkees	<http://sv.wikipedia.org/wiki/The_Monkees>	
Jur.kand.	Juristexamen	<http://sv.wikipedia.org/wiki/Juristexamen>	
F.B.K.	Syskonen Baudelaires olycksaliga liv	<http://sv.wikipedia.org/wiki/Syskonen_Baudelaires_olycksaliga_liv>	
G.T.	Gamla Testamentet	<http://sv.wikipedia.org/wiki/Gamla_Testamentet>	
Litt.	Littera	<http://sv.wikipedia.org/wiki/Littera>	
Olofström.	Olofströms kommun	<http://sv.wikipedia.org/wiki/Olofströms_kommun>	
Fil.dr.	Filosofie doktor	<http://sv.wikipedia.org/wiki/Filosofie_doktor>	
Fil.kand.	Filosofie kandidat	<http://sv.wikipedia.org/wiki/Filosofie_kandidat>	
Apg.	Apostlagärningarna	<http://sv.wikipedia.org/wiki/Apostlagärningarna>	
Rom.	Romarbrevet	<http://sv.wikipedia.org/wiki/Romarbrevet>	
B.C.	British Columbia	<http://sv.wikipedia.org/wiki/British_Columbia>	
Ö.h.	Meter över havet	<http://sv.wikipedia.org/wiki/Meter_över_havet>	
Teol.dr.	Teologie doktor	<http://sv.wikipedia.org/wiki/Teologie_doktor>	
Retreater.	Retreat	<http://sv.wikipedia.org/wiki/Retreat>	
Cicciolina.	Ilona Staller	<http://sv.wikipedia.org/wiki/Ilona_Staller>	
Gr.	Grekiska	<http://sv.wikipedia.org/wiki/Grekiska>	
A.D.	Efter Kristus	<http://sv.wikipedia.org/wiki/Efter_Kristus>	
Jur.dr.	Juris doktor	<http://sv.wikipedia.org/wiki/Juris_doktor>	
Fil.lic.	Filosofie licentiat	<http://sv.wikipedia.org/wiki/Filosofie_licentiat>	
C.s.i.	CSI: Crime Scene Investigation	<http://sv.wikipedia.org/wiki/CSI:_Crime_Scene_Investigation>	
Med.dr.	Medicine doktor	<http://sv.wikipedia.org/wiki/Medicine_doktor>	
Ph.D.	Filosofie doktor	<http://sv.wikipedia.org/wiki/Filosofie_doktor>	
D.Sc.	Filosofie doktor	<http://sv.wikipedia.org/wiki/Filosofie_doktor>	
M.ö.h.	Meter över havet	<http://sv.wikipedia.org/wiki/Meter_över_havet>	
D.A.D.	D-A-D	<http://sv.wikipedia.org/wiki/D-A-D>	
Jur.utr.kand.	Juris utriusque kandidat	<http://sv.wikipedia.org/wiki/Juris_utriusque_kandidat>	
F.Y.R.O.M.	Makedonien	<http://sv.wikipedia.org/wiki/Makedonien>	
Pol.mag.	Politices magister	<http://sv.wikipedia.org/wiki/Politices_magister>	
Teol.kand.	Teologie kandidat	<http://sv.wikipedia.org/wiki/Teologie_kandidat>	
BLAME!	Tsutomu Nihei	<http://sv.wikipedia.org/wiki/Tsutomu_Nihei>	
Blame!	Tsutomu Nihei	<http://sv.wikipedia.org/wiki/Tsutomu_Nihei>	
A.S.A.P.	Lista över förkortningar	<http://sv.wikipedia.org/wiki/Lista_över_förkortningar>	
Fil.stud.	Filosofie studerande	<http://sv.wikipedia.org/wiki/Filosofie_studerande>	
Dr.h.c.	Hedersdoktor	<http://sv.wikipedia.org/wiki/Hedersdoktor>	
D.U.G.	De unga gubbarna	<http://sv.wikipedia.org/wiki/De_unga_gubbarna>	
Fil.mag.	Filosofie magister	<http://sv.wikipedia.org/wiki/Filosofie_magister>	
C.S.I.	CSI: Crime Scene Investigation	<http://sv.wikipedia.org/wiki/CSI:_Crime_Scene_Investigation>	
R.A.T.M.	Rage Against the Machine	<http://sv.wikipedia.org/wiki/Rage_Against_the_Machine>	
M.B.A.	Master of Business Administration	<http://sv.wikipedia.org/wiki/Master_of_Business_Administration>	
Ibid.	Ibidem	<http://sv.wikipedia.org/wiki/Ibidem>	
Yu-gi-oh!	Yu-Gi-Oh!	<http://sv.wikipedia.org/wiki/Yu-Gi-Oh!>	
Tekn.dr.	Teknologie doktor	<http://sv.wikipedia.org/wiki/Teknologie_doktor>	
Missingno.	Pokémon Red och Blue	<http://sv.wikipedia.org/wiki/Pokémon_Red_och_Blue>	
Brf.	Bostadsrättsförening	<http://sv.wikipedia.org/wiki/Bostadsrättsförening>	
J.O.	Justitieombudsmannen	<http://sv.wikipedia.org/wiki/Justitieombudsmannen>	
Med.kand.	Medicine kandidat	<http://sv.wikipedia.org/wiki/Medicine_kandidat>	
Matt.	Matteusevangeliet	<http://sv.wikipedia.org/wiki/Matteusevangeliet>	
Luk.	Lukasevangeliet	<http://sv.wikipedia.org/wiki/Lukasevangeliet>	
Jur.lic.	Licentiatexamen	<http://sv.wikipedia.org/wiki/Licentiatexamen>	
O.M.D.	Orchestral Manoeuvres in the Dark	<http://sv.wikipedia.org/wiki/Orchestral_Manoeuvres_in_the_Dark>	
N.E.R.D.	N.E.R.D	<http://sv.wikipedia.org/wiki/N.E.R.D>	
R.A.B.	Regulus Black	<http://sv.wikipedia.org/wiki/Regulus_Black>	
R.f.	Registrerad förening	<http://sv.wikipedia.org/wiki/Registrerad_förening>	
It.	Italienska	<http://sv.wikipedia.org/wiki/Italienska>	
F.U.T.T.	Hogwarts	<http://sv.wikipedia.org/wiki/Hogwarts>	
K.O.	Knockout	<http://sv.wikipedia.org/wiki/Knockout>	
A.L.F.	Alf (olika betydelser)	<http://sv.wikipedia.org/wiki/Alf_(olika_betydelser)>	
Ssp.	Underart	<http://sv.wikipedia.org/wiki/Underart>	
Var.	Varietet (botanik)	<http://sv.wikipedia.org/wiki/Varietet_(botanik)>	
Cond.	Charles Marie de La Condamine	<http://sv.wikipedia.org/wiki/Charles_Marie_de_La_Condamine>	
Skenderbeg.	Skanderbeg	<http://sv.wikipedia.org/wiki/Skanderbeg>	
LL.M.	Master of Laws	<http://sv.wikipedia.org/wiki/Master_of_Laws>	
Heltidspolitiker.	Politiker	<http://sv.wikipedia.org/wiki/Politiker>	
Stopp!	Ebba Grön (musikalbum)	<http://sv.wikipedia.org/wiki/Ebba_Grön_(musikalbum)>	
Hb-prov.	Blodvärde	<http://sv.wikipedia.org/wiki/Blodvärde>	
Juss.	Antoine-Laurent de Jussieu	<http://sv.wikipedia.org/wiki/Antoine-Laurent_de_Jussieu>	
DC.	Augustin Pyrame de Candolle	<http://sv.wikipedia.org/wiki/Augustin_Pyrame_de_Candolle>	
Benth.	George Bentham	<http://sv.wikipedia.org/wiki/George_Bentham>	
Revolution!	Revolution (olika betydelser)	<http://sv.wikipedia.org/wiki/Revolution_(olika_betydelser)>	
Teol.lic.	Licentiatexamen	<http://sv.wikipedia.org/wiki/Licentiatexamen>	
Cu.in.	Kubiktum	<http://sv.wikipedia.org/wiki/Kubiktum>	
W.F.	Ordenssällskapet W.F.	<http://sv.wikipedia.org/wiki/Ordenssällskapet_W.F.>	
U.K.	Storbritannien	<http://sv.wikipedia.org/wiki/Storbritannien>	
U.p.a.	Utan personlig ansvarighet	<http://sv.wikipedia.org/wiki/Utan_personlig_ansvarighet>	
L.A.M.B.	Gwen Stefani	<http://sv.wikipedia.org/wiki/Gwen_Stefani>	
P.R.E.	Pura Rasa Española	<http://sv.wikipedia.org/wiki/Pura_Rasa_Española>	
Flykta!	Prokrastinering	<http://sv.wikipedia.org/wiki/Prokrastinering>	
Dr.	Doktor	<http://sv.wikipedia.org/wiki/Doktor>	
Broderskapsrörelsen.	Socialdemokrater för tro och solidaritet	<http://sv.wikipedia.org/wiki/Socialdemokrater_för_tro_och_solidaritet>	
I.W.W.	Industrial Workers of the World	<http://sv.wikipedia.org/wiki/Industrial_Workers_of_the_World>	
Rock!!!!	Rock!!!!!	<http://sv.wikipedia.org/wiki/Rock!!!!!>	
Rock!!!	Rock!!!!!	<http://sv.wikipedia.org/wiki/Rock!!!!!>	
Rock!	Rock!!!!!	<http://sv.wikipedia.org/wiki/Rock!!!!!>	
Rock!!	Rock!!!!!	<http://sv.wikipedia.org/wiki/Rock!!!!!>	
ERIC.	Eric Bergquist	<http://sv.wikipedia.org/wiki/Eric_Bergquist>	
W.a.s.p.	W.A.S.P.	<http://sv.wikipedia.org/wiki/W.A.S.P.>	
S.P.O.C.K.	S.P.O.C.K	<http://sv.wikipedia.org/wiki/S.P.O.C.K>	
A.Cunn.	Allan Cunningham (botaniker)	<http://sv.wikipedia.org/wiki/Allan_Cunningham_(botaniker)>	
Ach.	Erik Acharius	<http://sv.wikipedia.org/wiki/Erik_Acharius>	
Cham.	Adelbert von Chamisso	<http://sv.wikipedia.org/wiki/Adelbert_von_Chamisso>	
Colebr.	Henry Thomas Colebrooke	<http://sv.wikipedia.org/wiki/Henry_Thomas_Colebrooke>	
Forssk.	Peter Forsskål	<http://sv.wikipedia.org/wiki/Peter_Forsskål>	
Horsf.	Thomas Horsfield	<http://sv.wikipedia.org/wiki/Thomas_Horsfield>	
Humb.	Alexander von Humboldt	<http://sv.wikipedia.org/wiki/Alexander_von_Humboldt>	
J.Fabr.	Johan Christian Fabricius	<http://sv.wikipedia.org/wiki/Johan_Christian_Fabricius>	
J.F.Gmel.	Johann Friedrich Gmelin	<http://sv.wikipedia.org/wiki/Johann_Friedrich_Gmelin>	
J.G.Gmel.	Johann Georg Gmelin den yngre	<http://sv.wikipedia.org/wiki/Johann_Georg_Gmelin_den_yngre>	
J.Juss.	Joseph de Jussieu	<http://sv.wikipedia.org/wiki/Joseph_de_Jussieu>	
Laest.	Lars Levi Læstadius	<http://sv.wikipedia.org/wiki/Lars_Levi_Læstadius>	
Lagerh.	Gustaf Lagerheim	<http://sv.wikipedia.org/wiki/Gustaf_Lagerheim>	
Lam.	Jean-Baptiste de Lamarck	<http://sv.wikipedia.org/wiki/Jean-Baptiste_de_Lamarck>	
Lamk.	Jean-Baptiste de Lamarck	<http://sv.wikipedia.org/wiki/Jean-Baptiste_de_Lamarck>	
Pall.	Peter Simon Pallas	<http://sv.wikipedia.org/wiki/Peter_Simon_Pallas>	
Retz.	Anders Jahan Retzius	<http://sv.wikipedia.org/wiki/Anders_Jahan_Retzius>	
S.G.Gmel.	Samuel Gottlieb Gmelin	<http://sv.wikipedia.org/wiki/Samuel_Gottlieb_Gmelin>	
Schreb.	Johann Christian Daniel von Schreber	<http://sv.wikipedia.org/wiki/Johann_Christian_Daniel_von_Schreber>	
Sol.	Daniel Solander	<http://sv.wikipedia.org/wiki/Daniel_Solander>	
Thunb.	Carl Peter Thunberg	<http://sv.wikipedia.org/wiki/Carl_Peter_Thunberg>	
Tourn.	Joseph Pitton de Tournefort	<http://sv.wikipedia.org/wiki/Joseph_Pitton_de_Tournefort>	
Vaill.	Sébastien Vaillant	<http://sv.wikipedia.org/wiki/Sébastien_Vaillant>	
Britt.	Nathaniel Lord Britton	<http://sv.wikipedia.org/wiki/Nathaniel_Lord_Britton>	
Adans.	Michel Adanson	<http://sv.wikipedia.org/wiki/Michel_Adanson>	
Afzel.	Adam Afzelius (botaniker)	<http://sv.wikipedia.org/wiki/Adam_Afzelius_(botaniker)>	
F.Allam.	Frédéric-Louis Allamand	<http://sv.wikipedia.org/wiki/Frédéric-Louis_Allamand>	
N.E.Br.	Nicholas Edward Brown	<http://sv.wikipedia.org/wiki/Nicholas_Edward_Brown>	
All.	Carlo Allioni	<http://sv.wikipedia.org/wiki/Carlo_Allioni>	
Anders.	Edgar Shannon Anderson	<http://sv.wikipedia.org/wiki/Edgar_Shannon_Anderson>	
C.Bab.	Churchill Babington	<http://sv.wikipedia.org/wiki/Churchill_Babington>	
Backeb.	Curt Backeberg	<http://sv.wikipedia.org/wiki/Curt_Backeberg>	
E.o.	Extra ordinarie	<http://sv.wikipedia.org/wiki/Extra_ordinarie>	
Baill.	Henri Ernest Baillon	<http://sv.wikipedia.org/wiki/Henri_Ernest_Baillon>	
Eurasier.	Eurasier (hundras)	<http://sv.wikipedia.org/wiki/Eurasier_(hundras)>	
Balf.	John Hutton Balfour	<http://sv.wikipedia.org/wiki/John_Hutton_Balfour>	
Becc.	Odoardo Beccari	<http://sv.wikipedia.org/wiki/Odoardo_Beccari>	
Bedd.	Richard Henry Beddome	<http://sv.wikipedia.org/wiki/Richard_Henry_Beddome>	
Berthel.	Sabin Berthelot	<http://sv.wikipedia.org/wiki/Sabin_Berthelot>	
Berth.	Sabin Berthelot	<http://sv.wikipedia.org/wiki/Sabin_Berthelot>	
Bonpl.	Aimé Bonpland	<http://sv.wikipedia.org/wiki/Aimé_Bonpland>	
Bl.	Carl Ludwig Blume	<http://sv.wikipedia.org/wiki/Carl_Ludwig_Blume>	
V.t.	VT	<http://sv.wikipedia.org/wiki/VT>	
Hattrick.	Hat trick	<http://sv.wikipedia.org/wiki/Hat_trick>	
Boiss.	Pierre Edmond Boissier	<http://sv.wikipedia.org/wiki/Pierre_Edmond_Boissier>	
Bong.	August Gustav Heinrich von Bongard	<http://sv.wikipedia.org/wiki/August_Gustav_Heinrich_von_Bongard>	
P.t.v.	PTV	<http://sv.wikipedia.org/wiki/PTV>	
Mill.	Philip Miller	<http://sv.wikipedia.org/wiki/Philip_Miller>	
Ant.Juss.	Antoine de Jussieu	<http://sv.wikipedia.org/wiki/Antoine_de_Jussieu>	
Boriss.	Antonina Georgievna Borissova	<http://sv.wikipedia.org/wiki/Antonina_Georgievna_Borissova>	
Lindl.	John Lindley	<http://sv.wikipedia.org/wiki/John_Lindley>	
Salisb.	Richard Anthony Salisbury	<http://sv.wikipedia.org/wiki/Richard_Anthony_Salisbury>	
M.m.	Lista över förkortningar	<http://sv.wikipedia.org/wiki/Lista_över_förkortningar>	
D'Oh!	Homer Simpson	<http://sv.wikipedia.org/wiki/Homer_Simpson>	
Cav.	Antonio José Cavanilles	<http://sv.wikipedia.org/wiki/Antonio_José_Cavanilles>	
V.C.i.S.	Studentcorps	<http://sv.wikipedia.org/wiki/Studentcorps>	
E.Kr.	Efter Kristus	<http://sv.wikipedia.org/wiki/Efter_Kristus>	
Dryand.	Jonas Dryander	<http://sv.wikipedia.org/wiki/Jonas_Dryander>	
Med.lic.	Medicine licentiat	<http://sv.wikipedia.org/wiki/Medicine_licentiat>	
F.v.t.	Vår tideräkning	<http://sv.wikipedia.org/wiki/Vår_tideräkning>	
L'Hér.	Charles Louis L'Héritier de Brutelle	<http://sv.wikipedia.org/wiki/Charles_Louis_L'Héritier_de_Brutelle>	
O.s.a.	Om svar anhålles	<http://sv.wikipedia.org/wiki/Om_svar_anhålles>	
M.p.	Manu propria	<http://sv.wikipedia.org/wiki/Manu_propria>	
Amaenaideyo!	Amaenaideyo!!	<http://sv.wikipedia.org/wiki/Amaenaideyo!!>	
R.I.B.	Ribbåt	<http://sv.wikipedia.org/wiki/Ribbåt>	
Civ.ek.	Civilekonom	<http://sv.wikipedia.org/wiki/Civilekonom>	
Civ.ing.	Civilingenjör	<http://sv.wikipedia.org/wiki/Civilingenjör>	
Zucc.	Joseph Gerhard Zuccarini	<http://sv.wikipedia.org/wiki/Joseph_Gerhard_Zuccarini>	
R.Br.	Robert Brown (botaniker)	<http://sv.wikipedia.org/wiki/Robert_Brown_(botaniker)>	
With.	William Withering	<http://sv.wikipedia.org/wiki/William_Withering>	
Moench.	Conrad Moench	<http://sv.wikipedia.org/wiki/Conrad_Moench>	
Roth.	Albrecht Wilhelm Roth	<http://sv.wikipedia.org/wiki/Albrecht_Wilhelm_Roth>	
Burm.f.	Nicolaas Laurens Burman	<http://sv.wikipedia.org/wiki/Nicolaas_Laurens_Burman>	
C.I.A.M.	Congrès Internationaux d'Architecture Moderne	<http://sv.wikipedia.org/wiki/Congrès_Internationaux_d'Architecture_Moderne>	
Kir.mag.	Kirurgie magister	<http://sv.wikipedia.org/wiki/Kirurgie_magister>	
M.a.o.	Lista över förkortningar	<http://sv.wikipedia.org/wiki/Lista_över_förkortningar>	
Viva!	Viva! (musikalbum)	<http://sv.wikipedia.org/wiki/Viva!_(musikalbum)>	
B.T.O.	Bachman-Turner Overdrive	<http://sv.wikipedia.org/wiki/Bachman-Turner_Overdrive>	
N.W.O.B.H.M.	New Wave of British Heavy Metal	<http://sv.wikipedia.org/wiki/New_Wave_of_British_Heavy_Metal>	
F.E.ST.	Föreningen Ekonomerna vid Stockholms universitet	<http://sv.wikipedia.org/wiki/Föreningen_Ekonomerna_vid_Stockholms_universitet>	
Engelm.	Georg Engelmann	<http://sv.wikipedia.org/wiki/Georg_Engelmann>	
E.v.t.	Vår tideräkning	<http://sv.wikipedia.org/wiki/Vår_tideräkning>	
K...!	Karat (musikgrupp)	<http://sv.wikipedia.org/wiki/Karat_(musikgrupp)>	
X.O.	Cognac (dryck)	<http://sv.wikipedia.org/wiki/Cognac_(dryck)>	
Id.	Ibidem	<http://sv.wikipedia.org/wiki/Ibidem>	
D.Y.G.	Den yngre gubben	<http://sv.wikipedia.org/wiki/Den_yngre_gubben>	
Nsubsp.	Underart	<http://sv.wikipedia.org/wiki/Underart>	
Säkert!	Annika Norlin	<http://sv.wikipedia.org/wiki/Annika_Norlin>	
V.S.B.	Quod erat demonstrandum	<http://sv.wikipedia.org/wiki/Quod_erat_demonstrandum>	
Sperma.	Spermie	<http://sv.wikipedia.org/wiki/Spermie>	
J.K.	J.K. Rowling	<http://sv.wikipedia.org/wiki/J.K._Rowling>	
F.I.S.A.	Husalf	<http://sv.wikipedia.org/wiki/Husalf>	
F-I-S-A.	Husalf	<http://sv.wikipedia.org/wiki/Husalf>	
E.M.M.A.	E.M.M.A	<http://sv.wikipedia.org/wiki/E.M.M.A>	
Fantastic!	Fantastic (album av Wham!)	<http://sv.wikipedia.org/wiki/Fantastic_(album_av_Wham!)>	
A.B.Jacks.	Albert Bruce Jackson	<http://sv.wikipedia.org/wiki/Albert_Bruce_Jackson>	
D.C.	District of Columbia	<http://sv.wikipedia.org/wiki/District_of_Columbia>	
Kölr.	Joseph Gottlieb Koelreuter	<http://sv.wikipedia.org/wiki/Joseph_Gottlieb_Koelreuter>	
H.A.R.M.	No One Lives Forever	<http://sv.wikipedia.org/wiki/No_One_Lives_Forever>	
Airplane!	Titta vi flyger	<http://sv.wikipedia.org/wiki/Titta_vi_flyger>	
Run-D.M.C.	Run–D.M.C.	<http://sv.wikipedia.org/wiki/Run–D.M.C.>	
Katjusa.	Katiusja	<http://sv.wikipedia.org/wiki/Katiusja>	
Demashita!	Demashita! Powerpuff Girls Z	<http://sv.wikipedia.org/wiki/Demashita!_Powerpuff_Girls_Z>	
W.i.t.c.h.	W.I.T.C.H.	<http://sv.wikipedia.org/wiki/W.I.T.C.H.>	
Euryale.	Gorgoner	<http://sv.wikipedia.org/wiki/Gorgoner>	
O.P.	Op	<http://sv.wikipedia.org/wiki/Op>	
Dead!	The Black Parade	<http://sv.wikipedia.org/wiki/The_Black_Parade>	
F.A.T.A.	Federalt administrerade stamområden	<http://sv.wikipedia.org/wiki/Federalt_administrerade_stamområden>	
S.I.K.	Sundbybergs IK	<http://sv.wikipedia.org/wiki/Sundbybergs_IK>	
Cv.	Sort	<http://sv.wikipedia.org/wiki/Sort>	
D'oh!	Homer Simpson	<http://sv.wikipedia.org/wiki/Homer_Simpson>	
Raf.	Constantine Samuel Rafinesque	<http://sv.wikipedia.org/wiki/Constantine_Samuel_Rafinesque>	
R.N.O.	Nordstjärneorden	<http://sv.wikipedia.org/wiki/Nordstjärneorden>	
Op.cit.	Opere citato	<http://sv.wikipedia.org/wiki/Opere_citato>	
M.i.a.	MIA	<http://sv.wikipedia.org/wiki/MIA>	
R.E.A.	R.E.A. (Roligt Elakt Aktuellt)	<http://sv.wikipedia.org/wiki/R.E.A._(Roligt_Elakt_Aktuellt)>	
Wall.	Nathaniel Wallich	<http://sv.wikipedia.org/wiki/Nathaniel_Wallich>	
HÄPNA!	Häpna!	<http://sv.wikipedia.org/wiki/Häpna!>	
Hoffb.	Carl Fredrik Hoffberg	<http://sv.wikipedia.org/wiki/Carl_Fredrik_Hoffberg>	
NEU!	Neu!	<http://sv.wikipedia.org/wiki/Neu!>	
Ronin.	Ronin (musikalbum)	<http://sv.wikipedia.org/wiki/Ronin_(musikalbum)>	
G.s.	Gamla stilen och nya stilen	<http://sv.wikipedia.org/wiki/Gamla_stilen_och_nya_stilen>	
TVTV!	Sub	<http://sv.wikipedia.org/wiki/Sub>	
Fijagh!	Science fiction-fandom	<http://sv.wikipedia.org/wiki/Science_fiction-fandom>	
N.s.	Gregorianska kalendern	<http://sv.wikipedia.org/wiki/Gregorianska_kalendern>	
Groen!	Grön (Belgien)	<http://sv.wikipedia.org/wiki/Grön_(Belgien)>	
E.T.	E.T. the Extra-Terrestrial	<http://sv.wikipedia.org/wiki/E.T._the_Extra-Terrestrial>	
Borat!	Borat (film)	<http://sv.wikipedia.org/wiki/Borat_(film)>	
A.M.O.R.C.	Rosenkreuzarna	<http://sv.wikipedia.org/wiki/Rosenkreuzarna>	
I.O.O.F.	Odd Fellow Orden	<http://sv.wikipedia.org/wiki/Odd_Fellow_Orden>	
A.a.	Anfört arbete	<http://sv.wikipedia.org/wiki/Anfört_arbete>	
D.O.P.	Denominazione di origine protetta	<http://sv.wikipedia.org/wiki/Denominazione_di_origine_protetta>	
G.B.H.	Charged GBH	<http://sv.wikipedia.org/wiki/Charged_GBH>	
Smackdown!	SmackDown!	<http://sv.wikipedia.org/wiki/SmackDown!>	
Fear.	Fear (musikgrupp)	<http://sv.wikipedia.org/wiki/Fear_(musikgrupp)>	
Vietcong.	Vietcong (spel)	<http://sv.wikipedia.org/wiki/Vietcong_(spel)>	
Doh!	Homer Simpson	<http://sv.wikipedia.org/wiki/Homer_Simpson>	
Sibth.	John Sibthorp	<http://sv.wikipedia.org/wiki/John_Sibthorp>	
Billb.	Gustaf Johan Billberg	<http://sv.wikipedia.org/wiki/Gustaf_Johan_Billberg>	
F.R.I.E.N.D.S.	Vänner	<http://sv.wikipedia.org/wiki/Vänner>	
I.e.	Lista över latinska ordspråk och talesätt	<http://sv.wikipedia.org/wiki/Lista_över_latinska_ordspråk_och_talesätt>	
Bandyjump!	Bandy Jump!	<http://sv.wikipedia.org/wiki/Bandy_Jump!>	
Sternb.	Kaspar Maria von Sternberg	<http://sv.wikipedia.org/wiki/Kaspar_Maria_von_Sternberg>	
Eichw.	Karl Eduard Eichwald	<http://sv.wikipedia.org/wiki/Karl_Eduard_Eichwald>	
U.N.C.L.E.	Mannen från UNCLE	<http://sv.wikipedia.org/wiki/Mannen_från_UNCLE>	
E.S.T.	Esbjörn Svensson Trio	<http://sv.wikipedia.org/wiki/Esbjörn_Svensson_Trio>	
M.A.N.	M.A.N	<http://sv.wikipedia.org/wiki/M.A.N>	
Ehrenb.	Christian Gottfried Ehrenberg	<http://sv.wikipedia.org/wiki/Christian_Gottfried_Ehrenberg>	
K.K.	Kabushiki kaisha	<http://sv.wikipedia.org/wiki/Kabushiki_kaisha>	
Tekn.lic.	Licentiatexamen	<http://sv.wikipedia.org/wiki/Licentiatexamen>	
Endl.	Stephan Ladislaus Endlicher	<http://sv.wikipedia.org/wiki/Stephan_Ladislaus_Endlicher>	
L.A.X.	LAX (musikalbum)	<http://sv.wikipedia.org/wiki/LAX_(musikalbum)>	
MissingNo.	Pokémon Red och Blue	<http://sv.wikipedia.org/wiki/Pokémon_Red_och_Blue>	
GT25!	GT25 sommarturné 2004	<http://sv.wikipedia.org/wiki/GT25_sommarturné_2004>	
Ibm.	Ibidem	<http://sv.wikipedia.org/wiki/Ibidem>	
M.E.	Kroniskt trötthetssyndrom	<http://sv.wikipedia.org/wiki/Kroniskt_trötthetssyndrom>	
Raw!	RAW (TV-program)	<http://sv.wikipedia.org/wiki/RAW_(TV-program)>	
T.I.P.	T.I.	<http://sv.wikipedia.org/wiki/T.I.>	
H.E.A.T.	H.E.A.T	<http://sv.wikipedia.org/wiki/H.E.A.T>	
K.Schum.	Karl Moritz Schumann	<http://sv.wikipedia.org/wiki/Karl_Moritz_Schumann>	
Pfeff.	Wilhelm Pfeffer	<http://sv.wikipedia.org/wiki/Wilhelm_Pfeffer>	
Pringsh.	Nathanael Pringsheim	<http://sv.wikipedia.org/wiki/Nathanael_Pringsheim>	
Dinosarier!	Dinosaurier!	<http://sv.wikipedia.org/wiki/Dinosaurier!>	
Mag.art.	Magisterkonferens	<http://sv.wikipedia.org/wiki/Magisterkonferens>	
M.K.	Militärkommittén (Finland)	<http://sv.wikipedia.org/wiki/Militärkommittén_(Finland)>	
E.g.	Lista över latinska ordspråk och talesätt	<http://sv.wikipedia.org/wiki/Lista_över_latinska_ordspråk_och_talesätt>	
Pfeiff.	Ludwig Pfeiffer	<http://sv.wikipedia.org/wiki/Ludwig_Pfeiffer>	
S.P.Y.S.	S.P.Y.S	<http://sv.wikipedia.org/wiki/S.P.Y.S>	
L'Her.	Charles Louis L'Héritier de Brutelle	<http://sv.wikipedia.org/wiki/Charles_Louis_L'Héritier_de_Brutelle>	
Lampre-N.G.C.	Lampre-Merida	<http://sv.wikipedia.org/wiki/Lampre-Merida>	
S.E.R.O.	Sveriges Ekonomföreningars Riksorganisation	<http://sv.wikipedia.org/wiki/Sveriges_Ekonomföreningars_Riksorganisation>	
Jur.utr.dr.	Juris utriusque doktor	<http://sv.wikipedia.org/wiki/Juris_utriusque_doktor>	
M.B.M.A.	Mobbade barn med automatvapen	<http://sv.wikipedia.org/wiki/Mobbade_barn_med_automatvapen>	
TA.S.K.	Tatuerade Snutkukar	<http://sv.wikipedia.org/wiki/Tatuerade_Snutkukar>	
S.O.D.	Stormtroopers of Death	<http://sv.wikipedia.org/wiki/Stormtroopers_of_Death>	
Lem.	Charles Antoine Lemaire	<http://sv.wikipedia.org/wiki/Charles_Antoine_Lemaire>	
Dr.-Ing.	Teknologie doktor	<http://sv.wikipedia.org/wiki/Teknologie_doktor>	
Ehrh.	Jakob Friedrich Ehrhart	<http://sv.wikipedia.org/wiki/Jakob_Friedrich_Ehrhart>	
N.h.o.v.	Namn, heder och värdighet	<http://sv.wikipedia.org/wiki/Namn,_heder_och_värdighet>	
ZWONK!	Gert Lozell	<http://sv.wikipedia.org/wiki/Gert_Lozell>	
Engl.	Adolf Engler	<http://sv.wikipedia.org/wiki/Adolf_Engler>	
Cand.polit.	Cand. polit.	<http://sv.wikipedia.org/wiki/Cand._polit.>	
DN.	Dagens Nyheter	<http://sv.wikipedia.org/wiki/Dagens_Nyheter>	
Mart.	Carl Friedrich Philipp von Martius	<http://sv.wikipedia.org/wiki/Carl_Friedrich_Philipp_von_Martius>	
Hofmeist.	Wilhelm Hofmeister	<http://sv.wikipedia.org/wiki/Wilhelm_Hofmeister>	
Odont.dr.	Odontologie doktor	<http://sv.wikipedia.org/wiki/Odontologie_doktor>	
H.K.A.Winkl.	Hans Winkler	<http://sv.wikipedia.org/wiki/Hans_Winkler>	
Wettst.	Richard von Wettstein	<http://sv.wikipedia.org/wiki/Richard_von_Wettstein>	
F.Muell.	Ferdinand von Mueller	<http://sv.wikipedia.org/wiki/Ferdinand_von_Mueller>	
K.F.Schimp.	Karl Friedrich Schimper	<http://sv.wikipedia.org/wiki/Karl_Friedrich_Schimper>	
Schweigg.	August Friedrich Schweigger	<http://sv.wikipedia.org/wiki/August_Friedrich_Schweigger>	
Schltdl.	Diederich Franz Leonhard von Schlechtendal	<http://sv.wikipedia.org/wiki/Diederich_Franz_Leonhard_von_Schlechtendal>	
Miq.	Friedrich Anton Wilhelm Miquel	<http://sv.wikipedia.org/wiki/Friedrich_Anton_Wilhelm_Miquel>	
Maxim.	Karl Johann Maximowicz	<http://sv.wikipedia.org/wiki/Karl_Johann_Maximowicz>	
Bertill.	Louis-Adolphe Bertillon	<http://sv.wikipedia.org/wiki/Louis-Adolphe_Bertillon>	
K.I.A.	Stupad i strid	<http://sv.wikipedia.org/wiki/Stupad_i_strid>	
Frem.	John C. Frémont	<http://sv.wikipedia.org/wiki/John_C._Frémont>	
Frém.	John C. Frémont	<http://sv.wikipedia.org/wiki/John_C._Frémont>	
Ebr.	Hebreerbrevet	<http://sv.wikipedia.org/wiki/Hebreerbrevet>	
K.U.L.	Katholieke Universiteit Leuven	<http://sv.wikipedia.org/wiki/Katholieke_Universiteit_Leuven>	
Spreng.	Kurt Sprengel	<http://sv.wikipedia.org/wiki/Kurt_Sprengel>	
C.K.Spreng.	Christian Konrad Sprengel	<http://sv.wikipedia.org/wiki/Christian_Konrad_Sprengel>	
Dr.med.	Medicine doktor	<http://sv.wikipedia.org/wiki/Medicine_doktor>	
C.N.R.S.	Centre national de la recherche scientifique	<http://sv.wikipedia.org/wiki/Centre_national_de_la_recherche_scientifique>	
B.Sc.	Kandidatexamen	<http://sv.wikipedia.org/wiki/Kandidatexamen>	
O.F.Müll.	Otto Friedrich Müller	<http://sv.wikipedia.org/wiki/Otto_Friedrich_Müller>	
Q.E.D.	Quod erat demonstrandum	<http://sv.wikipedia.org/wiki/Quod_erat_demonstrandum>	
S.H.O.E.	HORSE	<http://sv.wikipedia.org/wiki/HORSE>	
T.f.	Tillförordnande	<http://sv.wikipedia.org/wiki/Tillförordnande>	
Y.M.C.A.	KFUK-KFUM	<http://sv.wikipedia.org/wiki/KFUK-KFUM>	
Ciao!	Ciao! (Tiga-album)	<http://sv.wikipedia.org/wiki/Ciao!_(Tiga-album)>	
Cand.theol.	Teologie kandidat	<http://sv.wikipedia.org/wiki/Teologie_kandidat>	
Förkortningar.	Förkortning	<http://sv.wikipedia.org/wiki/Förkortning>	
O.F.M.	Franciskanorden	<http://sv.wikipedia.org/wiki/Franciskanorden>	
T.Å.	Tredje åldern	<http://sv.wikipedia.org/wiki/Tredje_åldern>	
Katt.	Fred Kattermann	<http://sv.wikipedia.org/wiki/Fred_Kattermann>	
A.DC.	Alphonse Pyrame de Candolle	<http://sv.wikipedia.org/wiki/Alphonse_Pyrame_de_Candolle>	
O.C.D.	Oskodda karmeliter	<http://sv.wikipedia.org/wiki/Oskodda_karmeliter>	
Tul.	Louis René Tulasne	<http://sv.wikipedia.org/wiki/Louis_René_Tulasne>	
Dr.theol.	Teologie doktor	<http://sv.wikipedia.org/wiki/Teologie_doktor>	
O.F.M.Cap.	Kapucinorden	<http://sv.wikipedia.org/wiki/Kapucinorden>	
G.Trevir.	Gottfried Reinhold Treviranus	<http://sv.wikipedia.org/wiki/Gottfried_Reinhold_Treviranus>	
M.E.P.	Det parisiska yttremissionssällskapet	<http://sv.wikipedia.org/wiki/Det_parisiska_yttremissionssällskapet>	
Gled.	Johann Gottlieb Gleditsch	<http://sv.wikipedia.org/wiki/Johann_Gottlieb_Gleditsch>	
Hedw.	Johann Hedwig	<http://sv.wikipedia.org/wiki/Johann_Hedwig>	
Hartm.	Carl Johan Hartman	<http://sv.wikipedia.org/wiki/Carl_Johan_Hartman>	
M.A.C.H.	Mälardalens högskola	<http://sv.wikipedia.org/wiki/Mälardalens_högskola>	
U.s.u.r.a.	U.S.U.R.A.	<http://sv.wikipedia.org/wiki/U.S.U.R.A.>	
Dr.phil.	Filosofie doktor	<http://sv.wikipedia.org/wiki/Filosofie_doktor>	
Roem.	Johann Jacob Römer	<http://sv.wikipedia.org/wiki/Johann_Jacob_Römer>	
Guett.	Jean-Étienne Guettard	<http://sv.wikipedia.org/wiki/Jean-Étienne_Guettard>	
Lapeyr.	Philippe-Isidore Picot de Lapeyrouse	<http://sv.wikipedia.org/wiki/Philippe-Isidore_Picot_de_Lapeyrouse>	
Jacq.	Nikolaus Joseph von Jacquin	<http://sv.wikipedia.org/wiki/Nikolaus_Joseph_von_Jacquin>	
Sauss.	Horace-Bénédict de Saussure	<http://sv.wikipedia.org/wiki/Horace-Bénédict_de_Saussure>	
Hornem.	Jens Wilken Hornemann	<http://sv.wikipedia.org/wiki/Jens_Wilken_Hornemann>	
Pers.	Christiaan Hendrik Persoon	<http://sv.wikipedia.org/wiki/Christiaan_Hendrik_Persoon>	
Hook.	William Jackson Hooker	<http://sv.wikipedia.org/wiki/William_Jackson_Hooker>	
Loud.	John Claudius Loudon	<http://sv.wikipedia.org/wiki/John_Claudius_Loudon>	
Labill.	Jacques-Julien Houtou de Labillardière	<http://sv.wikipedia.org/wiki/Jacques-Julien_Houtou_de_Labillardière>	
Viv.	Domenico Viviani	<http://sv.wikipedia.org/wiki/Domenico_Viviani>	
Cass.	Kinas akademi för samhällsvetenskaper	<http://sv.wikipedia.org/wiki/Kinas_akademi_för_samhällsvetenskaper>	
Thaxt.	Roland Thaxter	<http://sv.wikipedia.org/wiki/Roland_Thaxter>	
Agr.dr.	Agronomie doktor	<http://sv.wikipedia.org/wiki/Agronomie_doktor>	
Agr.Dr.	Agronomie doktor	<http://sv.wikipedia.org/wiki/Agronomie_doktor>	
Farm.dr.	Farmacie doktor	<http://sv.wikipedia.org/wiki/Farmacie_doktor>	
L.f.	Carl von Linné den yngre	<http://sv.wikipedia.org/wiki/Carl_von_Linné_den_yngre>	
Ledeb.	Carl Friedrich von Ledebour	<http://sv.wikipedia.org/wiki/Carl_Friedrich_von_Ledebour>	
Pol.dr.	Doktor	<http://sv.wikipedia.org/wiki/Doktor>	
Kosterm.	André Joseph Guillaume Henri Kostermans	<http://sv.wikipedia.org/wiki/André_Joseph_Guillaume_Henri_Kostermans>	
Warb.	Otto Warburg (botaniker)	<http://sv.wikipedia.org/wiki/Otto_Warburg_(botaniker)>	
Borkh.	Moritz Balthasar Borkhausen	<http://sv.wikipedia.org/wiki/Moritz_Balthasar_Borkhausen>	
Bechst.	Johann Matthäus Bechstein	<http://sv.wikipedia.org/wiki/Johann_Matthäus_Bechstein>	
F.I.N.E.	F.I.N.E.*	<http://sv.wikipedia.org/wiki/F.I.N.E.*>	
R.p.	RP	<http://sv.wikipedia.org/wiki/RP>	
S.J.	Jesuitorden	<http://sv.wikipedia.org/wiki/Jesuitorden>	
Jur.	Juridik	<http://sv.wikipedia.org/wiki/Juridik>	
Prof.	Professor	<http://sv.wikipedia.org/wiki/Professor>	
Foyotsås.	Bearnaisesås	<http://sv.wikipedia.org/wiki/Bearnaisesås>	
Coss.	Ernest Saint-Charles Cosson	<http://sv.wikipedia.org/wiki/Ernest_Saint-Charles_Cosson>	
Bab.	Charles Cardale Babington	<http://sv.wikipedia.org/wiki/Charles_Cardale_Babington>	
P.Karst.	Petter Adolf Karsten	<http://sv.wikipedia.org/wiki/Petter_Adolf_Karsten>	
Bref.	Oscar Brefeld	<http://sv.wikipedia.org/wiki/Oscar_Brefeld>	
Luerss.	Christian Luerssen	<http://sv.wikipedia.org/wiki/Christian_Luerssen>	
Bananas!	Bananas!*	<http://sv.wikipedia.org/wiki/Bananas!*>	
Jungh.	Franz Wilhelm Junghuhn	<http://sv.wikipedia.org/wiki/Franz_Wilhelm_Junghuhn>	
AICLE.	Aicle	<http://sv.wikipedia.org/wiki/Aicle>	
Vet.med.dr.	Veterinärmedicine doktor	<http://sv.wikipedia.org/wiki/Veterinärmedicine_doktor>	
Ettingsh.	Constantin von Ettingshausen	<http://sv.wikipedia.org/wiki/Constantin_von_Ettingshausen>	
Nyl.	William Nylander	<http://sv.wikipedia.org/wiki/William_Nylander>	
A.Juss.	Adrien de Jussieu	<http://sv.wikipedia.org/wiki/Adrien_de_Jussieu>	
OPA!	Opa	<http://sv.wikipedia.org/wiki/Opa>	
HEMKÖRT!!	Stefan & Krister: Hemkört	<http://sv.wikipedia.org/wiki/Stefan_&_Krister:_Hemkört>	
Poir.	Jean-Louis Marie Poiret	<http://sv.wikipedia.org/wiki/Jean-Louis_Marie_Poiret>	
Oudem.	Cornelis Antonie Jan Abraham Oudemans	<http://sv.wikipedia.org/wiki/Cornelis_Antonie_Jan_Abraham_Oudemans>	
Riot!	Riot! (musikalbum)	<http://sv.wikipedia.org/wiki/Riot!_(musikalbum)>	
Pa.	Pashto	<http://sv.wikipedia.org/wiki/Pashto>	
A.W.Benn.	Alfred William Bennett	<http://sv.wikipedia.org/wiki/Alfred_William_Bennett>	
C.C.Gmel.	Karl Christian Gmelin	<http://sv.wikipedia.org/wiki/Karl_Christian_Gmelin>	
Gaertn.	Joseph Gärtner	<http://sv.wikipedia.org/wiki/Joseph_Gärtner>	
C.F.Gaertn.	Karl Friedrich von Gärtner	<http://sv.wikipedia.org/wiki/Karl_Friedrich_von_Gärtner>	
Rostr.	Emil Rostrup	<http://sv.wikipedia.org/wiki/Emil_Rostrup>	
C.A.Mey.	Carl Anton von Meyer	<http://sv.wikipedia.org/wiki/Carl_Anton_von_Meyer>	
Aubl.	Jean Baptiste Christophe Fusée-Aublet	<http://sv.wikipedia.org/wiki/Jean_Baptiste_Christophe_Fusée-Aublet>	
Est!Est!!Est!!!	Est! Est!! Est!!!	<http://sv.wikipedia.org/wiki/Est!_Est!!_Est!!!>	
Schleid.	Matthias Jacob Schleiden	<http://sv.wikipedia.org/wiki/Matthias_Jacob_Schleiden>	
Flueck.	Friedrich August Flückiger	<http://sv.wikipedia.org/wiki/Friedrich_August_Flückiger>	
Nutt.	Thomas Nuttall	<http://sv.wikipedia.org/wiki/Thomas_Nuttall>	
Heist.	Lorenz Heister	<http://sv.wikipedia.org/wiki/Lorenz_Heister>	
U.S.C.	United States Code	<http://sv.wikipedia.org/wiki/United_States_Code>	
Steud.	Ernst Gottlieb von Steudel	<http://sv.wikipedia.org/wiki/Ernst_Gottlieb_von_Steudel>	
J.Schröt.	Joseph Schröter	<http://sv.wikipedia.org/wiki/Joseph_Schröter>	
Wallr.	Karl Friedrich Wilhelm Wallroth	<http://sv.wikipedia.org/wiki/Karl_Friedrich_Wilhelm_Wallroth>	
Mez.	Carl Christian Mez	<http://sv.wikipedia.org/wiki/Carl_Christian_Mez>	
Schweinf.	Georg August Schweinfurth	<http://sv.wikipedia.org/wiki/Georg_August_Schweinfurth>	
Graebn.	Paul Graebner	<http://sv.wikipedia.org/wiki/Paul_Graebner>	
Harv.	William Henry Harvey	<http://sv.wikipedia.org/wiki/William_Henry_Harvey>	
Willd.	Carl Ludwig Willdenow	<http://sv.wikipedia.org/wiki/Carl_Ludwig_Willdenow>	
Willk.	Heinrich Moritz Willkomm	<http://sv.wikipedia.org/wiki/Heinrich_Moritz_Willkomm>	
Sendtn.	Otto Sendtner	<http://sv.wikipedia.org/wiki/Otto_Sendtner>	
Grev.	Robert Kaye Greville	<http://sv.wikipedia.org/wiki/Robert_Kaye_Greville>	
L.E.I.	L.e.i.	<http://sv.wikipedia.org/wiki/L.e.i.>	
Ä.k.s.	Lista över förkortningar	<http://sv.wikipedia.org/wiki/Lista_över_förkortningar>	
Langsd.	Georg Heinrich von Langsdorff	<http://sv.wikipedia.org/wiki/Georg_Heinrich_von_Langsdorff>	
Langeth.	Christian Eduard Langethal	<http://sv.wikipedia.org/wiki/Christian_Eduard_Langethal>	
Tiegh.	Philippe Van Tieghem	<http://sv.wikipedia.org/wiki/Philippe_Van_Tieghem>	
Schrad.	Heinrich Adolf Schrader	<http://sv.wikipedia.org/wiki/Heinrich_Adolf_Schrader>	
Rafin.	Constantine Samuel Rafinesque	<http://sv.wikipedia.org/wiki/Constantine_Samuel_Rafinesque>	
Walt.	Thomas Walter (botaniker)	<http://sv.wikipedia.org/wiki/Thomas_Walter_(botaniker)>	
Fras.	John Fraser (botaniker)	<http://sv.wikipedia.org/wiki/John_Fraser_(botaniker)>	
Radlk.	Ludwig Radlkofer	<http://sv.wikipedia.org/wiki/Ludwig_Radlkofer>	
Desv.	Nicaise Auguste Desvaux	<http://sv.wikipedia.org/wiki/Nicaise_Auguste_Desvaux>	
U.A.E.	Förenade Arabemiraten	<http://sv.wikipedia.org/wiki/Förenade_Arabemiraten>	
Achtung-Panzer!	Achtung–Panzer!	<http://sv.wikipedia.org/wiki/Achtung–Panzer!>	
Schübl.	Gustav Schübler	<http://sv.wikipedia.org/wiki/Gustav_Schübler>	
P.-W.	Pauly-Wissowa	<http://sv.wikipedia.org/wiki/Pauly-Wissowa>	
Pol.kand.	Politices kandidat	<http://sv.wikipedia.org/wiki/Politices_kandidat>	
RIOT!	Riot! (musikalbum)	<http://sv.wikipedia.org/wiki/Riot!_(musikalbum)>	
Gesundheit!	Hälsa	<http://sv.wikipedia.org/wiki/Hälsa>	
H.D.	Hilda Doolittle	<http://sv.wikipedia.org/wiki/Hilda_Doolittle>	
Railroads!	Sid Meier's Railroads!	<http://sv.wikipedia.org/wiki/Sid_Meier's_Railroads!>	
Arcang.	Giovanni Arcangeli	<http://sv.wikipedia.org/wiki/Giovanni_Arcangeli>	
Seem.	Berthold Carl Seemann	<http://sv.wikipedia.org/wiki/Berthold_Carl_Seemann>	
Ahlfv.	Fredrik Elias Ahlfvengren	<http://sv.wikipedia.org/wiki/Fredrik_Elias_Ahlfvengren>	
C.Sm.	Christen Smith	<http://sv.wikipedia.org/wiki/Christen_Smith>	
G.W.Schimp.	Wilhelm Schimper	<http://sv.wikipedia.org/wiki/Wilhelm_Schimper>	
Schimp.	Wilhelm Philipp Schimper	<http://sv.wikipedia.org/wiki/Wilhelm_Philipp_Schimper>	
Schumach.	Heinrich Christian Friedrich Schumacher	<http://sv.wikipedia.org/wiki/Heinrich_Christian_Friedrich_Schumacher>	
Liebm.	Frederik Liebmann	<http://sv.wikipedia.org/wiki/Frederik_Liebmann>	
Didr.	Ferdinand Didrichsen	<http://sv.wikipedia.org/wiki/Ferdinand_Didrichsen>	
Dipp.	Leopold Dippel	<http://sv.wikipedia.org/wiki/Leopold_Dippel>	
Oerst.	Anders Sandøe Ørsted (botaniker)	<http://sv.wikipedia.org/wiki/Anders_Sandøe_Ørsted_(botaniker)>	
Rottb.	Christen Friis Rottbøll	<http://sv.wikipedia.org/wiki/Christen_Friis_Rottbøll>	
Sch.Bip.	Carl Heinrich Schultz	<http://sv.wikipedia.org/wiki/Carl_Heinrich_Schultz>	
Ostenf.	Carl Hansen Ostenfeld	<http://sv.wikipedia.org/wiki/Carl_Hansen_Ostenfeld>	
B.E.F.	British Electric Foundation	<http://sv.wikipedia.org/wiki/British_Electric_Foundation>	
OBS!	Obs! (tidskrift)	<http://sv.wikipedia.org/wiki/Obs!_(tidskrift)>	
Arn.	George Arnott Walker Arnott	<http://sv.wikipedia.org/wiki/George_Arnott_Walker_Arnott>	
Fresen.	Georg Fresenius	<http://sv.wikipedia.org/wiki/Georg_Fresenius>	
Arw.	Thorsten Arwidsson	<http://sv.wikipedia.org/wiki/Thorsten_Arwidsson>	
Berggr.	Sven Berggren (botaniker)	<http://sv.wikipedia.org/wiki/Sven_Berggren_(botaniker)>	
Arv.	Lars Arvidsson	<http://sv.wikipedia.org/wiki/Lars_Arvidsson>	
Vittad.	Carlo Vittadini	<http://sv.wikipedia.org/wiki/Carlo_Vittadini>	
Aspl.	Erik Asplund	<http://sv.wikipedia.org/wiki/Erik_Asplund>	
F.Aresch.	Fredrik Areschoug	<http://sv.wikipedia.org/wiki/Fredrik_Areschoug>	
Boerh.	Herman Boerhaave	<http://sv.wikipedia.org/wiki/Herman_Boerhaave>	
Bork.	Moritz Balthasar Borkhausen	<http://sv.wikipedia.org/wiki/Moritz_Balthasar_Borkhausen>	
Boehm.	Georg Rudolf Boehmer	<http://sv.wikipedia.org/wiki/Georg_Rudolf_Boehmer>	
R.Br.ter.	Robert Brown (upptäcktsresande)	<http://sv.wikipedia.org/wiki/Robert_Brown_(upptäcktsresande)>	
Carruth.	William Carruthers	<http://sv.wikipedia.org/wiki/William_Carruthers>	
Falc.	Hugh Falconer	<http://sv.wikipedia.org/wiki/Hugh_Falconer>	
Grandid.	Alfred Grandidier	<http://sv.wikipedia.org/wiki/Alfred_Grandidier>	
Å.Gust.	Åke Gustafsson	<http://sv.wikipedia.org/wiki/Åke_Gustafsson>	
Hasselq.	Fredrik Hasselquist	<http://sv.wikipedia.org/wiki/Fredrik_Hasselquist>	
Hoffmanns.	Johann Centurius von Hoffmannsegg	<http://sv.wikipedia.org/wiki/Johann_Centurius_von_Hoffmannsegg>	
Hook.f.	Joseph Dalton Hooker	<http://sv.wikipedia.org/wiki/Joseph_Dalton_Hooker>	
B.Juss.	Bernard de Jussieu	<http://sv.wikipedia.org/wiki/Bernard_de_Jussieu>	
Ludw.	Christian Gottlieb Ludwig	<http://sv.wikipedia.org/wiki/Christian_Gottlieb_Ludwig>	
Vent.	Étienne Pierre Ventenat	<http://sv.wikipedia.org/wiki/Étienne_Pierre_Ventenat>	
Wahlenb.	Göran Wahlenberg	<http://sv.wikipedia.org/wiki/Göran_Wahlenberg>	
Schafh.	Karl Emil von Schafhäutl	<http://sv.wikipedia.org/wiki/Karl_Emil_von_Schafhäutl>	
A.Schimp.	Andreas Franz Wilhelm Schimper	<http://sv.wikipedia.org/wiki/Andreas_Franz_Wilhelm_Schimper>	
Schwend.	Simon Schwendener	<http://sv.wikipedia.org/wiki/Simon_Schwendener>	
Sm.	James Edward Smith	<http://sv.wikipedia.org/wiki/James_Edward_Smith>	
Tchich.	Pjotr Tjichatjov	<http://sv.wikipedia.org/wiki/Pjotr_Tjichatjov>	
Trevir.	Ludolph Christian Treviranus	<http://sv.wikipedia.org/wiki/Ludolph_Christian_Treviranus>	
Will.	William Crawford Williamson	<http://sv.wikipedia.org/wiki/William_Crawford_Williamson>	
Dujard.	Félix Dujardin	<http://sv.wikipedia.org/wiki/Félix_Dujardin>	
N.W.A.	N.W.A	<http://sv.wikipedia.org/wiki/N.W.A>	
E.Mey.	Ernst Meyer (botaniker)	<http://sv.wikipedia.org/wiki/Ernst_Meyer_(botaniker)>	
Lindm.	Carl Lindman	<http://sv.wikipedia.org/wiki/Carl_Lindman>	
Dumort.	Barthélemy Charles Joseph Dumortier	<http://sv.wikipedia.org/wiki/Barthélemy_Charles_Joseph_Dumortier>	
Dum.	Barthélemy Charles Joseph Dumortier	<http://sv.wikipedia.org/wiki/Barthélemy_Charles_Joseph_Dumortier>	
Dun.	Michel Félix Dunal	<http://sv.wikipedia.org/wiki/Michel_Félix_Dunal>	
Al.Brongn.	Alexandre Brongniart	<http://sv.wikipedia.org/wiki/Alexandre_Brongniart>	
Brongn.	Adolphe-Théodore Brongniart	<http://sv.wikipedia.org/wiki/Adolphe-Théodore_Brongniart>	
Grön!	Grön (Belgien)	<http://sv.wikipedia.org/wiki/Grön_(Belgien)>	
Bertol.	Antonio Bertoloni	<http://sv.wikipedia.org/wiki/Antonio_Bertoloni>	
Bartl.	Friedrich Gottlieb Bartling	<http://sv.wikipedia.org/wiki/Friedrich_Gottlieb_Bartling>	
Houtt.	Martinus Houttuyn	<http://sv.wikipedia.org/wiki/Martinus_Houttuyn>	
O.N.A.	Agnieszka Chylińska	<http://sv.wikipedia.org/wiki/Agnieszka_Chylińska>	
Vill.	Dominique Villars	<http://sv.wikipedia.org/wiki/Dominique_Villars>	
Comm.	Philibert Commerson	<http://sv.wikipedia.org/wiki/Philibert_Commerson>	
Moq.	Alfred Moquin-Tandon	<http://sv.wikipedia.org/wiki/Alfred_Moquin-Tandon>	
Fr.	FR	<http://sv.wikipedia.org/wiki/FR>	
G.A.O.T.U.	Hela Världens Store Byggmästare	<http://sv.wikipedia.org/wiki/Hela_Världens_Store_Byggmästare>	
G.C.I.	Gymnastik- och idrottshögskolan	<http://sv.wikipedia.org/wiki/Gymnastik-_och_idrottshögskolan>	
Phil.	Rodolfo Amando Philippi	<http://sv.wikipedia.org/wiki/Rodolfo_Amando_Philippi>	
K.F.U.M.	KFUK-KFUM	<http://sv.wikipedia.org/wiki/KFUK-KFUM>	
Strasb.	Eduard Strasburger	<http://sv.wikipedia.org/wiki/Eduard_Strasburger>	
B.T.	BT (tidning)	<http://sv.wikipedia.org/wiki/BT_(tidning)>	
...Due!	..due!	<http://sv.wikipedia.org/wiki/..due!>	
Panz.	Georg Wolfgang Franz Panzer	<http://sv.wikipedia.org/wiki/Georg_Wolfgang_Franz_Panzer>	
D.R.U.G.S.	Destroy Rebuild Until God Shows	<http://sv.wikipedia.org/wiki/Destroy_Rebuild_Until_God_Shows>	
Höhn.	Franz von Höhnel	<http://sv.wikipedia.org/wiki/Franz_von_Höhnel>	
Gunn.	Johan Ernst Gunnerus	<http://sv.wikipedia.org/wiki/Johan_Ernst_Gunnerus>	
Sacc.	Pier Andrea Saccardo	<http://sv.wikipedia.org/wiki/Pier_Andrea_Saccardo>	
Rabenh.	Gottlob Ludwig Rabenhorst	<http://sv.wikipedia.org/wiki/Gottlob_Ludwig_Rabenhorst>	
Casp.	Robert Caspary	<http://sv.wikipedia.org/wiki/Robert_Caspary>	
Fuck.	Leopold Fuckel	<http://sv.wikipedia.org/wiki/Leopold_Fuckel>	
Berk.	Miles Joseph Berkeley	<http://sv.wikipedia.org/wiki/Miles_Joseph_Berkeley>	
Mont.	Camille Montagne	<http://sv.wikipedia.org/wiki/Camille_Montagne>	
Schaer.	Ludwig Emanuel Schaerer	<http://sv.wikipedia.org/wiki/Ludwig_Emanuel_Schaerer>	
A.Arrh.	Axel Arrhenius	<http://sv.wikipedia.org/wiki/Axel_Arrhenius>	
Zimm.	Albrecht Zimmermann	<http://sv.wikipedia.org/wiki/Albrecht_Zimmermann>	
Aresch.	John Erhard Areschoug	<http://sv.wikipedia.org/wiki/John_Erhard_Areschoug>	
H.Magn.	Hugo Magnusson	<http://sv.wikipedia.org/wiki/Hugo_Magnusson>	
Them!	Spindlarna	<http://sv.wikipedia.org/wiki/Spindlarna>	
Boud.	Émile Boudier	<http://sv.wikipedia.org/wiki/Émile_Boudier>	
J.W.Zetterst.	Johan Wilhelm Zetterstedt	<http://sv.wikipedia.org/wiki/Johan_Wilhelm_Zetterstedt>	
J.E.Zetterst.	Johan Emanuel Zetterstedt	<http://sv.wikipedia.org/wiki/Johan_Emanuel_Zetterstedt>	
Stalker!	Förföljelsesyndrom	<http://sv.wikipedia.org/wiki/Förföljelsesyndrom>	
Krombh.	Julius Vincenz von Krombholz	<http://sv.wikipedia.org/wiki/Julius_Vincenz_von_Krombholz>	
Meig.	Johann Wilhelm Meigen	<http://sv.wikipedia.org/wiki/Johann_Wilhelm_Meigen>	
J.E.M.	J.E.M (musikgrupp)	<http://sv.wikipedia.org/wiki/J.E.M_(musikgrupp)>	
Nannf.	John Axel Nannfeldt	<http://sv.wikipedia.org/wiki/John_Axel_Nannfeldt>	
A.H.	Muslimska kalendern	<http://sv.wikipedia.org/wiki/Muslimska_kalendern>	
A.Poit.	Pierre-Antoine Poiteau	<http://sv.wikipedia.org/wiki/Pierre-Antoine_Poiteau>	
Subsp.	Underart	<http://sv.wikipedia.org/wiki/Underart>	
F.kr.	Efter Kristus	<http://sv.wikipedia.org/wiki/Efter_Kristus>	
S.s.	Sensu	<http://sv.wikipedia.org/wiki/Sensu>	
Indignez-vous!	Säg ifrån!	<http://sv.wikipedia.org/wiki/Säg_ifrån!>	
